tipo_pelicula,titulo_pelicula,anno_estreno,mes_estreno,id_pelicula,genero_pelicula
Movie,Rodney Cecil: Psycho Hero,2011,4,tt1929361,Comedy
Short,Object of Desire,2023,9,tt29009897,Drama
Short,Making Magic,2015,N/A,tt3407398,Comedy
Short,Significant Other,2018,2,tt8042420,Drama
Movie,Hosea: A Story of Hope and Forgiveness,2015,2,tt4209582,Drama
Short,Fragments of Time,2014,2,tt4192098,Drama
Short,Vetro,2011,por estrenar,tt1955042,Drama
Short,Matador,2018,11,tt9345952,Comedy
Short,Blind Date,2017,N/A,tt7107042,Action
Short,Torn,2013,8,tt3122402,Drama
Movie,Ashen Streets,2014,12,tt5744122,Drama
Short,Disconnected: The Cellphone Addiction Effects,2021,4,tt14404560,Drama
Short,The Beasts Beneath,2019,por estrenar,tt10229482,Drama
Movie,Akad,2021,9,tt14949656,Drama
Short,Golden Boy,2021,3,tt15714220,Action
Short,The Unraveling,2015,6,tt4799362,Drama
Short,A Shadow Fell,2014,por estrenar,tt3901262,Drama
Short,King Me,2017,3,tt9314692,Comedy
Short,Tastes Like Medicine,2016,por estrenar,tt5861858,Drama
Movie,Doomsdays,2013,6,tt2395146,Drama
Movie,Stuck in the Middle,2018,por estrenar,tt8545442,Comedy
Short,A Walk in the Woods,2013,por estrenar,tt3123212,Drama
Short,Edna: A Nanny in Hong Kong,2012,12,tt2631168,Drama
Movie,Slasher House 3,2024,3,tt11078340,Action
Short,Krasnyy Ded Otmshcheniya,2018,12,tt13263988,Comedy
Short,A Hand Puppet's Job,2011,3,tt1956409,Comedy
Short,Scapegoat,2022,4,tt27458934,Drama
Short,Blue Dream,2017,5,tt6674088,Drama
Movie,Jackrabbit,2015,3,tt3975556,Drama
Short,The Man in the Mirror,2017,por estrenar,tt7754786,Drama
Movie,Blame,2021,12,tt29573299,Drama
Short,Him,2021,5,tt27249903,Comedy
Short,Memories,2012,2,tt2607520,Drama
Short,Bananas,2012,por estrenar,tt3058660,Comedy
Short,Poker Night,2019,11,tt11306766,Comedy
Movie,Afua's Diary,2015,6,tt3492290,Drama
Short,Nervous Attraction,2013,7,tt3031866,Comedy
Movie,Narendra,2018,N/A,tt8269236,Action
Short,No Strings Attached,2017,1,tt5715042,Drama
Short,Lola...,2013,3,tt3543308,Drama
Movie,Vico C: La Vida Del Filósofo,2017,8,tt5860550,Drama
Movie,"Io, Arlecchino",2014,6,tt3170428,Comedy
Movie,Zandan,2018,6,tt29274814,Drama
Movie,Bathtubs Over Broadway,2018,1,tt6029778,Comedy
Short,Everything Changes,2016,1,tt4917660,Drama
Short,Henry and Gloria,2013,5,tt3439212,Drama
Short,Silent Code,2015,por estrenar,tt4555154,Drama
Short,Queen de tu corazón,2022,N/A,tt22096758,Drama
Movie,Pardé,2013,4,tt2626926,Drama
Movie,Yumorist,2019,3,tt7352942,Drama
Short,Lahza,2017,N/A,tt9604058,Drama
Short,"A Punishment To Some, To Some A Gift",2013,por estrenar,tt3415998,Drama
Short,Mouth,2024,3,tt31728011,Drama
Short,Doors,2024,por estrenar,tt32247927,Comedy
Movie,I Married an Anti-Fan,2016,6,tt5240372,Comedy
Short,Sweet Harry,2018,10,tt11394766,Comedy
Short,Reflection,2011,por estrenar,tt2390528,Drama
Short,On the Run,2015,por estrenar,tt4918006,Drama
Short,Inside We Are All Pink,2017,9,tt7573274,Drama
Short,Afterparty,2013,8,tt2904472,Drama
Movie,Joseph,2018,11,tt8561086,Drama
Short,Entropy,2016,por estrenar,tt6114010,Drama
Short,Alicia,2017,por estrenar,tt6864586,Drama
Short,Resolut,2016,11,tt6250952,Drama
Short,The Bear Man,2014,4,tt3650008,Comedy
Short,Polish Hope,2015,6,tt4942210,Drama
Short,The Hunted: Storm,2013,2,tt4175660,Action
Short,The Last Stand,2024,3,tt31778427,Action
Short,The Greenway Choir,2013,4,tt3145882,Comedy
Short,Affliction,2011,7,tt1956417,Drama
Short,Muero por ti,2017,5,tt8018696,Comedy
Short,Lughead,2019,1,tt11023700,Comedy
Movie,Another Evil,2016,3,tt4185566,Comedy
Short,Creature of Habit,2011,12,tt2160137,Comedy
Short,Doorways,2011,4,tt1776160,Drama
Movie,Profile of Fear,2011,7,tt2058676,Drama
Short,Het Licht is al Uit,2023,5,tt26673463,Drama
Short,The Tyrant's Cup,2012,por estrenar,tt2314190,Comedy
Short,What Happened,2021,11,tt16023274,Drama
Short,Below the Belt,2014,por estrenar,tt4363440,Comedy
Short,The Mugging,2012,2,tt28623621,Comedy
Short,The Social Addicts,2011,por estrenar,tt2290753,Drama
Short,Easygoing,2016,N/A,tt5874150,Drama
Short,Fortune's Last Laugh,2022,12,tt29520888,Comedy
Short,Roads Not Taken,2022,10,tt22794560,Drama
Movie,Noche de perros,2015,9,tt4581632,Comedy
Short,The Feline Feeling,2014,2,tt3614170,Comedy
Movie,The Blade of Wind,2020,9,tt13534104,Action
Short,Seasoned Professionals,2023,10,tt29533775,Comedy
Short,Mugsey Exeter Nations,2020,3,tt14261912,Comedy
Short,Plausible Audio,2017,por estrenar,tt6923872,Comedy
Movie,Prince of Persia: The Sands of Time,2010,5,tt0473075,Action
Short,Seeing in the Dark,2011,10,tt1539018,Drama
Short,The Release,2023,6,tt28254804,Drama
Short,Jackie,2013,10,tt2961096,Comedy
Short,Sink Hole,2012,9,tt2152849,Comedy
Short,The Failure,2017,10,tt5336762,Drama
Short,Esteban,2010,2,tt7947306,Drama
Short,Headshots,2021,9,tt14812518,Action
Short,Wild Nights,2018,3,tt8169338,Drama
Movie,The Kitchen,2019,9,tt5822564,Action
Short,Fuck Buddies,2015,9,tt4844346,Drama
Short,The Capsule,2012,8,tt2386140,Drama
Short,Breathe,2015,N/A,tt4625960,Drama
Short,Soñar el otro,2015,9,tt4796114,Drama
Short,FreeLance,2014,por estrenar,tt3836904,Comedy
Short,The Other Room,2019,3,tt10927314,Drama
Short,I Have Decided to Be No One,2014,8,tt4027764,Drama
Short,Hundred Grand-son,2017,por estrenar,tt7180712,Comedy
Short,What Happens in the Dark,2018,12,tt14039614,Drama
Movie,Brutal,2014,1,tt2292948,Drama
Movie,Days Like This,2021,N/A,tt11656540,Drama
Short,Zange,2024,N/A,tt31418794,Drama
Short,Ghosting,2012,por estrenar,tt2545406,Comedy
Short,Open Heart,2012,6,tt10602752,Comedy
Short,Deep Score,2010,4,tt1521753,Comedy
Movie,Ula,2019,2,tt2946468,Drama
Short,Reach Out,2018,12,tt9279476,Drama
Short,GTA Roleplay: Cuarentena Edition,2020,5,tt13821634,Comedy
Short,How He Lived,2023,1,tt20508366,Drama
Short,Plant Girl,2010,4,tt1509203,Drama
Movie,Swipe,2017,2,tt6493422,Drama
Movie,Namma Veettu Pillai,2019,9,tt10709404,Drama
Movie,Love You 2,2018,7,tt13460164,Drama
Short,Son los padres,2012,12,tt2616070,Comedy
Movie,I Hate the Man in My Basement,2020,3,tt5174992,Drama
Short,Superkid,2016,11,tt4126498,Comedy
Movie,Kick,2014,7,tt2372222,Comedy
Short,Puber,2018,2,tt8328262,Comedy
Short,Après Séance,2019,N/A,tt27599544,Drama
Short,Domino Street,2017,N/A,tt7020296,Drama
Short,Bypass,2015,5,tt5497544,Comedy
Movie,Before I met you,2016,por estrenar,tt5823826,Drama
Short,It's All Okay Now,2015,5,tt4885222,Comedy
Short,Aunt Lotus & Her Dream Bicycle,2022,6,tt21353090,Drama
Short,Audible Awkwardness,2024,2,tt31912312,Drama
Short,First Glance,2020,9,tt13074704,Drama
Short,Degusta,2010,por estrenar,tt1704706,Comedy
Short,Isla de Los Ladrones,2011,5,tt1985122,Drama
Short,The Professional Man from Montreal,2022,9,tt21967960,Comedy
Short,Le poids du silence,2013,5,tt24514174,Drama
Short,Adventures,2010,por estrenar,tt1605619,Comedy
Movie,"Tôi Nay, 8 Gio!",2011,12,tt10229972,Drama
Short,Incubus,2012,10,tt2546782,Comedy
Short,Young Readers,2016,5,tt6441232,Drama
Short,The Green Room,2010,12,tt1925516,Drama
Short,Ballada Kyczejewska,2023,6,tt27435714,Drama
Movie,Madoff: Made Off with America,2013,1,tt1639081,Drama
Short,The Worst,2018,6,tt9024248,Action
Movie,God Father,2020,2,tt11531324,Drama
Movie,Booking Jane,2021,N/A,tt14050764,Drama
Short,The Cell,2016,5,tt5851960,Drama
Short,Amongst Strangers,2016,10,tt6614728,Drama
Short,The Way We Work,2021,por estrenar,tt15761142,Drama
Short,Hashi,2014,por estrenar,tt4396690,Comedy
Short,El Astrónomo,2010,12,tt1975152,Comedy
Short,Liquor and Life,2024,N/A,tt28798656,Drama
Short,Bury It,2013,8,tt3924984,Drama
Short,Plastic Surgery,2019,N/A,tt21272636,Drama
Short,Moving On,2012,por estrenar,tt2372864,Comedy
Movie,The Devil Outside,2018,6,tt4958972,Drama
Short,Silent Garden,2013,9,tt3225526,Drama
Short,This Story Will Never End,2014,8,tt3868646,Drama
Movie,How to Impeach a President,2020,7,tt15813022,Comedy
Short,Beer Run,2012,N/A,tt3067218,Comedy
Short,Natural Selection,2022,7,tt21799856,Comedy
Short,Screenshot,2021,5,tt22498450,Drama
Movie,Et tes soleils,2015,por estrenar,tt4384994,Drama
Short,Ang Huling Hantungan,2019,10,tt20101896,Drama
Movie,Masala Padam,2015,10,tt5103942,Action
Movie,Chakkaramampazham,2014,3,tt3655924,Drama
Short,Zui hou de qiang wang,2012,3,tt3521376,Action
Short,Rob Riggle's Got Your Back,2012,por estrenar,tt2397547,Comedy
Movie,Ganduli,2022,4,tt19360832,Drama
Short,Tri-Bulation,2021,9,tt21309146,Drama
Short,Tom,2017,1,tt6436716,Comedy
Short,Two Drops,2012,8,tt2813476,Comedy
Short,Pink Aura,2018,por estrenar,tt8713080,Comedy
Movie,How to Be Deadly,2014,9,tt4022208,Comedy
Short,The Story of a Story,2014,por estrenar,tt4263812,Drama
Short,You Weren't There,2023,por estrenar,tt27011154,Drama
Movie,La botera,2019,12,tt11504976,Drama
Movie,Kontract,2022,por estrenar,tt14423288,Action
Short,La me,2015,por estrenar,tt7843910,Comedy
Movie,Fist & Furious,2019,7,tt10660436,Action
Short,Tova: Escape from Respa,2011,9,tt2538342,Action
Short,Todos os meus ídolos estão mortos,2012,8,tt5874694,Action
Short,Pierre e a Mochila,2013,10,tt3547664,Drama
Short,The Cook-Off,2024,N/A,tt30831825,Drama
Short,Last Round,2019,11,tt10948204,Drama
Movie,Do-Gooders,2021,1,tt13070608,Comedy
Movie,Kakatheeyudu,2019,7,tt10651232,Drama
Short,Mum,2021,10,tt16518144,Drama
Short,Crucifaxe II: The Immaculate Deception,2012,N/A,tt11230766,Comedy
Movie,The Dionti Family,2015,4,tt3922270,Drama
Short,Bored,2011,3,tt1776841,Action
Short,Chess 4 Life,2012,3,tt2150542,Drama
Short,Coffee Time,2020,6,tt12637928,Comedy
Movie,Distance Between Dreams,2016,11,tt6255746,Action
Short,Kill of the Night,2013,4,tt2933934,Drama
Short,The Mavens,2015,11,tt5679354,Comedy
Movie,Demi Dewi,2010,5,tt1657339,Drama
Short,Dyl,2014,5,tt3891252,Comedy
Short,Il metodo Enriquez,2011,7,tt2102339,Comedy
Short,S I R E N,2017,12,tt7966424,Action
Short,Sporadies Nomadies,2022,3,tt19383092,Drama
Movie,Atm,2016,6,tt12268902,Comedy
Short,My Roommate Kai,2011,por estrenar,tt2077801,Drama
Short,One Year of Khadijah and Pauline,2020,4,tt15839324,Drama
Movie,Presyon Lanmou,2010,N/A,tt29880055,Drama
Short,Serpent's Lullaby,2014,5,tt3349540,Drama
Short,A Remnant of Who I Once Was,2021,8,tt12792918,Drama
Short,Will You,2017,por estrenar,tt7997642,Drama
Short,Sleeved,2017,11,tt15838444,Drama
Movie,Dreaming Uphill,2016,3,tt1747993,Drama
Short,The Lucid Letter,2018,10,tt9052110,Drama
Short,The Big Board,2012,por estrenar,tt2450114,Comedy
Short,Strange Gifts,2017,12,tt9415476,Comedy
Short,Two Heads Are Better Than One,2012,8,tt2522050,Comedy
Short,Kulukki,2013,9,tt4248634,Comedy
Short,Foam,2019,8,tt9188090,Drama
Short,Beauty,2018,3,tt7193504,Drama
Movie,Jackie & Ryan,2014,7,tt3270108,Drama
Short,Remember This?,2014,9,tt3110588,Drama
Movie,Max 2: White House Hero,2017,5,tt5843838,Action
Short,Mario Says Spongebob,2011,6,tt28693460,Comedy
Movie,Villain,2017,10,tt6616800,Action
Short,In Shadows We Hide,2020,N/A,tt19390474,Drama
Short,Slow Dance,2019,6,tt19767718,Comedy
Short,Punainen Planeetta,2022,12,tt25314388,Action
Movie,Durga Mhantat Mala,2011,1,tt7172558,Drama
Short,"Please, Call Me Dick",2020,11,tt13499220,Comedy
Short,Mamie,2024,1,tt30804655,Comedy
Short,Situationship - Amigas coloridas,2024,1,tt31846915,Comedy
Movie,House on Rodeo Gulch,2018,7,tt2470060,Comedy
Short,Nostalgia Eterna,2015,por estrenar,tt4663764,Drama
Movie,Next Door Nuisance,2018,9,tt26757566,Drama
Short,The Craft of Beer: A Hopumentary,2014,por estrenar,tt4160290,Comedy
Movie,Fury,2019,2,tt18077488,Drama
Short,Waste Not,2024,3,tt32024098,Comedy
Movie,Building the Beasts,2011,8,tt2169028,Drama
Short,Olivia,2017,7,tt5740400,Comedy
Short,Let's Go Get Small,2013,11,tt3165218,Action
Movie,Watashitachi no natsu,2011,8,tt2052014,Drama
Short,Serial Dater,2012,por estrenar,tt2594154,Comedy
Short,I Am Tom Moody,2012,9,tt2196116,Drama
Short,Fairy Tale Next Door,2012,4,tt2147736,Drama
Short,Secondhand,2017,10,tt7156434,Drama
Short,A Blue Shroud,2021,3,tt10736172,Drama
Short,Dark Love 2,2014,5,tt7972550,Action
Short,Sweep,2015,3,tt4005906,Drama
Movie,Shadow Lands,2018,8,tt8880064,Drama
Short,The Uneducated,2014,2,tt3077286,Drama
Short,Musical Hearts,2015,7,tt5020524,Drama
Short,If a SWAT Team Member Was also Apartment Hunting,2015,9,tt5859264,Comedy
Movie,Sandow,2018,4,tt3295256,Drama
Short,Exit This Way,2015,por estrenar,tt4513286,Drama
Short,Malou,2019,9,tt10240450,Drama
Short,No Time to Vibe,2020,N/A,tt7821888,Comedy
Movie,Le guerre horrende,2017,6,tt5344186,Comedy
Short,Perception,2016,por estrenar,tt5428966,Drama
Movie,Addicted to Porn: Chasing the Cardboard Butterfly,2017,2,tt5946552,Drama
Short,Opus 1,2016,6,tt5340410,Drama
Short,The Attic,2015,11,tt29224166,Drama
Movie,Yasashii te,2011,6,tt1967666,Drama
Short,Herman the German,2015,1,tt4722118,Comedy
Short,Brother's Paradise,2017,4,tt6767140,Drama
Short,Southern Justice,2010,por estrenar,tt1801832,Drama
Movie,Bindaas,2010,2,tt1582478,Action
Short,Zooming Out,2020,9,tt13184332,Comedy
Short,Canal+ the Bear,2012,por estrenar,tt29200393,Comedy
Short,La Lima,2017,2,tt6131980,Comedy
Short,Acorn Hunter,2015,por estrenar,tt5970392,Comedy
Short,Lost/Atonement,2013,11,tt3861504,Drama
Movie,"Wie ich lernte, bei mir selbst Kind zu sein",2019,3,tt9806222,Drama
Short,To Emmy,2015,10,tt5150418,Drama
Short,Black Two Sugars,2016,por estrenar,tt5791374,Drama
Short,"Por Favor, Não Toques na Minha Afro",2012,N/A,tt2424668,Comedy
Movie,Semma,2018,5,tt7943162,Drama
Short,Workers on Strike: Santa's Workshop,2022,12,tt24670180,Comedy
Short,Battle for Britain,2011,4,tt1744580,Comedy
Short,Seven Digits,2012,N/A,tt3286214,Comedy
Short,A Wee Night In,2014,10,tt4418300,Comedy
Short,Sudanese Cowboy,2017,1,tt6792090,Drama
Short,La redención del lobo,2015,6,tt8074238,Drama
Short,De Krantenman,2020,N/A,tt12811086,Drama
Short,Snail Girl,2017,por estrenar,tt7546302,Drama
Short,Rest,2019,3,tt10572886,Drama
Short,Love Thief,2017,1,tt6532580,Drama
Short,The Bed,2015,10,tt4758788,Comedy
Short,Mindset,2021,N/A,tt14325956,Drama
Short,Foggy Life,2013,1,tt6272302,Drama
Short,The Man Your Man Could Smell Like: Response,2010,7,tt16954634,Comedy
Short,Eat Shit Bitch,2016,5,tt6529398,Drama
Movie,Box of Beauty,2018,7,tt8490516,Drama
Short,Pen Island,2020,por estrenar,tt11300908,Comedy
Short,Powerless,2016,por estrenar,tt5440922,Drama
Movie,Greenberg,2010,7,tt1234654,Drama
Short,A Photo of Me,2017,6,tt9070114,Drama
Short,The Overlooked,2014,9,tt3569242,Drama
Short,People Like Us,2014,por estrenar,tt4273826,Drama
Short,The Gun Collector,2015,10,tt4325760,Drama
Short,The Field,2019,11,tt9420174,Drama
Short,Laughing Out Loud,2012,9,tt2217738,Comedy
Movie,Three Thieves,2019,10,tt11133472,Comedy
Short,Deep It,2016,10,tt6766486,Drama
Movie,The Beast Is Still Alive,2016,11,tt5333956,Drama
Movie,Apatiya,2024,2,tt30971472,Drama
Movie,ParlaNchíno Ateo: Errorista Comunista 32,2023,1,tt26448138,Comedy
Short,Deep on Hog Mountain,2010,N/A,tt10919548,Comedy
Short,La vida es un rocanrol,2014,por estrenar,tt3839828,Drama
Short,Confirmation,2023,por estrenar,tt27130840,Drama
Short,Gene's Revolution,2011,por estrenar,tt2142767,Drama
Short,The Ghost Wife,2012,11,tt2627642,Drama
Short,The Forever,2012,4,tt2651070,Comedy
Short,Carnal Nostalgia,2015,9,tt5047626,Drama
Short,#Connected,2017,7,tt7628334,Comedy
Short,Hi Fives Across America,2011,por estrenar,tt1840333,Comedy
Short,Fox,2023,5,tt27941815,Comedy
Short,Just for Us,2011,por estrenar,tt2075227,Drama
Movie,Igbale,2023,4,tt28870706,Drama
Movie,2020,2024,3,tt29939980,Comedy
Short,Delirium,2021,12,tt19869032,Drama
Short,Even If,2016,12,tt5912798,Drama
Movie,Rudorufu to Ippaiattena,2016,8,tt5912052,Drama
Short,Waiting for...,2015,por estrenar,tt5075954,Comedy
Movie,Thambikottai,2011,2,tt2009589,Action
Short,Rooftop,2020,4,tt12491694,Drama
Short,The Last Frittata,2016,5,tt5869736,Comedy
Short,Stained.,2022,12,tt22054422,Comedy
Short,Who's Garth Clark?,2011,por estrenar,tt2033469,Drama
Short,Wetland,2018,por estrenar,tt10407880,Drama
Short,The Talk,2014,4,tt3162840,Drama
Short,IL Lottery TV Commercial,2012,N/A,tt14395386,Comedy
Short,The Meeting,2020,5,tt13055648,Drama
Movie,Draugu lazybos,2024,2,tt31107063,Comedy
Movie,Shinjuku suwan II,2017,1,tt5467852,Action
Short,Bodymax,2012,6,tt3874796,Comedy
Short,Boss Babe,2016,por estrenar,tt5963576,Drama
Short,Dedowtschina,2013,1,tt2902372,Drama
Short,Elective Dance,2017,7,tt5931752,Comedy
Short,Girl Band,2015,10,tt9212840,Comedy
Short,Pour Lilou,2019,4,tt27553467,Drama
Short,Between Houses and Homes,2017,N/A,tt2669134,Drama
Movie,El Tiempo y el Silencio,2020,9,tt13057280,Drama
Short,Cecilia,2017,5,tt7685578,Drama
Short,Beyond the Border,2017,4,tt6051996,Comedy
Short,Jonah Hex: Behind the Scenes ~ B-Roll 1,2010,6,tt10926954,Action
Short,The Locker Room Mascot Massacre,2017,9,tt6088898,Comedy
Short,L'esprit de L'escalier,2012,por estrenar,tt2405266,Drama
Short,The producer,2022,5,tt21852920,Drama
Short,There's Something Between Us,2021,N/A,tt13755538,Drama
Movie,Jagbajantis,2021,10,tt20215972,Drama
Short,Les Gros Cons,2018,6,tt8630008,Comedy
Short,Kaputtccino,2014,11,tt8432102,Comedy
Short,Bluish,2011,N/A,tt6675668,Comedy
Short,The Transfer,2013,10,tt5278346,Action
Short,Not Another Parking Lot Fight,2014,7,tt7620644,Comedy
Movie,Ebugumu Ly'Ekivubuka,2012,N/A,tt30746345,Drama
Short,Die Unteren Tiefen,2021,N/A,tt20767736,Comedy
Movie,Soshite dorobune wa yuku,2013,10,tt3379694,Comedy
Short,Addie and the Lightning Bugs,2022,10,tt22177548,Drama
Short,The Tree,2018,4,tt7925644,Drama
Short,The Box,2012,por estrenar,tt2672302,Drama
Short,Table 12,2020,11,tt11558724,Drama
Short,Bonnie Pureheart and the Golden Ghost,2015,11,tt4734104,Comedy
Movie,Pagri Singh Da Taaj,2013,4,tt6231858,Drama
Short,Wedding Getaway,2017,3,tt6666398,Drama
Short,Doughnut,2021,3,tt14118094,Drama
Movie,Welcome to My World,2010,7,tt1632690,Comedy
Short,In Situ,2024,1,tt29430773,Drama
Movie,Conjunto Blues,2021,5,tt18181892,Drama
Short,Lemon,2023,10,tt30324501,Drama
Short,Reconciliation,2015,9,tt4562374,Drama
Movie,Haru Natsu Aki Fuyu,2016,6,tt3345076,Drama
Movie,The Sky Is Pink,2019,12,tt8902990,Drama
Short,World War Yoga,2020,2,tt11809038,Comedy
Short,Leaves of Grass I Trimmed with My Mower: A Collection of Dad Poems,2016,1,tt7918190,Comedy
Short,Others,2016,por estrenar,tt5691492,Drama
Movie,Carne con papas,2017,N/A,tt3665580,Comedy
Short,Stanley 911,2018,8,tt9115566,Comedy
Short,Taifuu no Noruda,2015,6,tt4663760,Drama
Short,Junction,2022,8,tt27010277,Drama
Short,Bless You,2013,por estrenar,tt2948806,Action
Short,Permanently Cast,2013,por estrenar,tt2837208,Drama
Short,La Materia,2016,N/A,tt13799304,Drama
Short,More than Dreams,2014,por estrenar,tt3559282,Drama
Short,Chips and Liver Girls,2010,N/A,tt21439114,Drama
Short,Tere Bin,2017,12,tt7550732,Drama
Movie,Kedbet Kol Youm,2016,1,tt6448698,Comedy
Short,White Blood Cell,2015,por estrenar,tt4337838,Action
Short,I Wish You Love,2010,por estrenar,tt1669621,Drama
Short,Fidalga,2018,4,tt8316236,Drama
Short,I Never Died a Winter Yet,2014,10,tt4116328,Drama
Movie,Moving On,2022,6,tt21199366,Comedy
Short,Stages of Stanley,2016,8,tt4305310,Drama
Short,Seeing Clearly,2016,por estrenar,tt5825284,Drama
Short,The Odyssey of Doktor Vanderschloss and the Overlords of Insanity,2021,6,tt14807052,Comedy
Short,Till Death Do Us Part,2021,3,tt14657218,Drama
Short,Eustacia,2013,N/A,tt5812554,Drama
Short,It's a Date!,2021,N/A,tt13057332,Comedy
Short,Libido,2017,12,tt8268686,Comedy
Movie,The Essentials,2013,N/A,tt2181166,Comedy
Short,Black Writers' Room,2020,10,tt14315338,Comedy
Short,Breathe: The Body Remembers,2023,9,tt28845587,Drama
Short,Eric,2010,por estrenar,tt1848875,Comedy
Short,The Terms of Service,2015,2,tt4125832,Comedy
Short,Pune Femijesh,2010,11,tt6078490,Drama
Short,Eskimo Kisses,2018,3,tt6539806,Drama
Movie,Black Sea,2014,12,tt2261331,Drama
Short,Tránsito,2013,4,tt2827506,Drama
Movie,Mambar Pierrette,2023,10,tt27819782,Drama
Short,Tomorrow,2016,12,tt6315296,Drama
Short,Actores!,2019,6,tt9418990,Comedy
Short,In Real Life,2011,por estrenar,tt2286670,Drama
Short,Blackout Bourbon,2014,6,tt10115044,Comedy
Short,The Coward,2010,6,tt5578668,Drama
Short,The Coastworth-Higgins of San Junipero,2017,7,tt12792902,Comedy
Short,Crush,2023,7,tt28443445,Comedy
Short,Spit,2015,3,tt4188636,Drama
Movie,Highway,2012,7,tt2210657,Drama
Movie,Den omättliga vägen,2022,4,tt20765996,Drama
Short,Manos Arriba,2013,por estrenar,tt3350604,Comedy
Short,Waterloo,2020,1,tt11144414,Drama
Movie,MMA Love Never Dies,2017,4,tt5954042,Drama
Short,Discontinuity,2015,por estrenar,tt5076222,Comedy
Movie,Xiao Shan He,2020,por estrenar,tt11322822,Drama
Movie,Kill Them Young,2015,11,tt4780542,Action
Movie,Terra e Luz,2017,1,tt6499628,Drama
Short,Different World,2012,1,tt2757280,Drama
Short,Pithy Statements 4 (Fiery Trials),2013,3,tt2759298,Drama
Movie,Der dunkle Spiegel,2011,por estrenar,tt1984143,Drama
Short,Payasita III,2018,N/A,tt11409824,Action
Short,Alone,2010,10,tt1735290,Drama
Movie,Alnabatshy,2014,10,tt4081818,Comedy
Short,Ett Hopp,2013,por estrenar,tt2966796,Drama
Movie,Odu Raja Odu,2018,8,tt8731842,Comedy
Movie,Ryder,2022,9,tt15464472,Comedy
Movie,Aatadukundam Raa,2016,8,tt6872516,Action
Movie,La vie très privée de Monsieur Sim,2015,12,tt4313614,Comedy
Short,The Tomato,2010,por estrenar,tt1597744,Comedy
Short,Screen: Righter,2016,6,tt5834570,Action
Movie,Permitidos,2016,8,tt5680744,Comedy
Short,Sacred Beauty,2016,5,tt5699506,Drama
Short,Knocking,2022,5,tt20413024,Drama
Movie,Aging Youth,2014,por estrenar,tt3822340,Drama
Short,Two Lines of Vagary,2014,4,tt3676798,Comedy
Short,Leaf,2021,3,tt13273700,Comedy
Short,Total Cult,2014,11,tt13546416,Comedy
Short,Dan Lehwer eller 'Men frels oss fra det onde',2024,3,tt31157141,Comedy
Short,Departing,2023,2,tt26774311,Drama
Short,I Can Still Smell Her,2020,8,tt13038020,Drama
Short,Tarantino Spoof Compilation,2012,5,tt6044622,Drama
Short,Wonder Landes,2012,1,tt2966028,Comedy
Movie,The Good Intentions,2017,4,tt6243826,Comedy
Short,On Deaf Ears,2015,por estrenar,tt5261826,Drama
Short,Samoan Tales: Farm Boys,2013,por estrenar,tt3037312,Drama
Short,Brothers,2019,12,tt9614314,Drama
Short,Kracht,2010,6,tt1815781,Drama
Short,The Gamble,2019,5,tt10327558,Drama
Short,How to Get Away from Murder,2020,5,tt32314599,Comedy
Short,Smell,2018,6,tt8376658,Comedy
Short,Free Day,2018,por estrenar,tt9288648,Drama
Movie,"Vitoria, 3 de marzo",2018,5,tt7490282,Drama
Short,Journey,2013,2,tt3120552,Drama
Short,Reborn,2021,10,tt15731426,Drama
Short,First Date: The Beginning,2012,3,tt2328587,Comedy
Movie,Domnisoara Bovary,2021,12,tt26898896,Drama
Short,Alex & Marissa: Chapitre Final,2014,2,tt3304360,Action
Short,Beast,2021,N/A,tt16400268,Drama
Movie,Nome di donna,2018,3,tt8009522,Drama
Short,Street Dykes,2017,10,tt7611380,Comedy
Short,The Interrogation,2012,por estrenar,tt2569524,Drama
Movie,Teka Teki Tika,2021,12,tt14728292,Drama
Short,Un passo alla volta,2022,N/A,tt17534160,Drama
Short,Chauffeur,2013,4,tt2877430,Drama
Short,DNA Be Careful What You Ask for,2022,10,tt15772000,Drama
Short,Domestic,2014,7,tt3949678,Drama
Movie,Belching 37,2011,por estrenar,tt5099068,Drama
Short,Desafío final 5,2012,12,tt3482572,Comedy
Short,Coffee and ECigarettes,2013,por estrenar,tt3072228,Comedy
Short,Ciudad,2010,N/A,tt2458278,Drama
Short,Depersonalization,2017,3,tt6640920,Drama
Short,The Last Attempt,2014,11,tt3860094,Drama
Movie,Promiseland,2019,12,tt27505572,Drama
Short,Nouveau stock,2021,5,tt29475421,Drama
Movie,Proud Citizen,2014,7,tt3529986,Drama
Movie,Starye Shishki,2021,12,tt16968496,Comedy
Short,Everything Happens for a Reason,2013,3,tt2870578,Comedy
Short,Le français sans peine,2017,2,tt23471704,Action
Movie,Advancing of ZQ,2022,N/A,tt12787014,Action
Short,Luminous Dreams,2021,N/A,tt13678408,Drama
Movie,Besties,2012,9,tt1843110,Drama
Short,Hurtcore,2020,10,tt13556256,Drama
Short,Consent,2017,11,tt7746138,Comedy
Movie,À l'ancienne,2024,9,tt31862997,Comedy
Short,Juhannusyö,2014,9,tt3343208,Drama
Short,Carissima (Dearest),2021,por estrenar,tt18291218,Drama
Short,Amour,2023,N/A,tt27164810,Drama
Short,Polibek Reality,2020,7,tt18266556,Drama
Short,The Peculiar Predicament of Paul and Penelope,2014,N/A,tt7488946,Comedy
Movie,Punarvasu Nakshatra Mithuna Raashi,2019,4,tt26626399,Drama
Movie,The Curse Within,2023,por estrenar,tt30393991,Drama
Short,Half Garage,2011,1,tt1842374,Comedy
Short,A wish,2016,por estrenar,tt5802904,Drama
Short,Changement,2016,por estrenar,tt6170460,Comedy
Short,Jade & Anthony,2022,11,tt23711426,Drama
Short,The Room,2010,4,tt2006884,Drama
Short,Wolf,2010,1,tt2302983,Comedy
Short,Chugger,2011,2,tt1978417,Drama
Short,Self-portrait,2014,9,tt3072226,Drama
Short,The Summoning,2022,4,tt17076826,Comedy
Short,Good News,2017,1,tt6428672,Drama
Movie,Memoir,2022,10,tt22457002,Drama
Short,Viimeinen Suudelma,2018,6,tt6819596,Drama
Short,The Windiest Night of Vic Reeves' Life,2011,11,tt2262321,Comedy
Movie,Villains Incorporated,2023,10,tt28000235,Comedy
Short,Images,2016,8,tt6285838,Drama
Short,The Mercenary,2011,8,tt9741174,Action
Movie,Rot,2019,11,tt10413374,Drama
Short,The D,2017,2,tt5346068,Comedy
Movie,La inocencia de la araña,2011,12,tt2104053,Drama
Short,Pick Ups,2015,5,tt4657604,Drama
Short,Aria,2011,8,tt2208734,Drama
Movie,Auteur,2014,4,tt2300552,Drama
Movie,Hello Reincarnate,2022,12,tt27468500,Drama
Short,Memento Mori,2021,2,tt13680324,Drama
Movie,Vanya Usovich: 40 years maximum,2023,12,tt30894108,Comedy
Short,Detective Dads,2024,2,tt32221966,Comedy
Short,Roopa,2022,3,tt20871498,Drama
Short,Amaanat,2014,por estrenar,tt3772962,Drama
Short,Retour Afzender,2023,10,tt29533452,Comedy
Short,Touch of Magic,2012,4,tt2339749,Drama
Short,Just This,2022,11,tt28656208,Drama
Movie,Bakla,2017,6,tt7080242,Comedy
Short,Oy the Night Before Xmas,2012,12,tt2573118,Comedy
Short,Kattarpanthy,2016,4,tt7438058,Action
Short,Sure-Fire,2016,8,tt6325144,Comedy
Movie,Ieji,2014,3,tt2994962,Drama
Movie,Lys,2010,6,tt1707240,Drama
Movie,Variations of Jade,2013,por estrenar,tt3145892,Comedy
Short,Peppermint,2016,por estrenar,tt6461122,Drama
Short,Urgent Assistance Required,2016,6,tt8764306,Drama
Short,Mere Mortals,2012,11,tt4892736,Drama
Short,Solo,2024,1,tt30830089,Comedy
Movie,Blood Affair,2021,4,tt16729486,Drama
Movie,Devaleelai,2010,7,tt13479278,Drama
Short,Globus Man,2014,N/A,tt5574446,Comedy
Short,Blood Makes the Green Grass Grow,2012,11,tt1985957,Drama
Short,Summer is But A Season Passed,2013,12,tt3433942,Drama
Short,1988,2024,3,tt31947103,Comedy
Short,Magari fossi nato nel '40,2014,7,tt7907216,Drama
Short,Jack Malchance,2010,por estrenar,tt1705765,Action
Short,Sauvons la planète... Ou pas,2023,7,tt32201167,Comedy
Short,The Metermaid,2015,por estrenar,tt14549704,Drama
Movie,Realms,2013,por estrenar,tt3282386,Drama
Short,Girl with a Red Sky,2011,N/A,tt4966308,Drama
Short,Epistolar,2016,12,tt11958700,Comedy
Movie,Bang Chung Vo Hinh,2020,7,tt12498114,Action
Movie,Kruha in iger,2011,9,tt2089723,Comedy
Movie,Bookie,2016,12,tt6189958,Comedy
Short,The Miracle,2017,por estrenar,tt6876670,Drama
Short,Manny Quinn,2015,5,tt4933826,Drama
Short,Baggage,2019,11,tt11348230,Drama
Short,Prabudimai,2019,2,tt12078796,Drama
Short,Díselo tú,2010,6,tt5324734,Drama
Movie,Eu Receberia as Piores Notícias dos seus Lindos Lábios,2011,4,tt2106411,Drama
Short,All Things Full of Weariness,2022,N/A,tt14437762,Drama
Movie,Nede Vidudala,2021,por estrenar,tt14425968,Drama
Movie,Ski-baz,2017,12,tt7512566,Drama
Movie,Li Mao ban tai zi,2022,1,tt17005404,Comedy
Short,Steve,2020,3,tt11817794,Drama
Short,P'Kondem,2023,1,tt31066156,Drama
Movie,Shigatsu wa kimi no uso,2016,9,tt5672048,Drama
Short,Euna,2017,1,tt6541556,Drama
Movie,Behind a Woman's Eyes,2013,9,tt3563766,Drama
Short,The Feeling of Falling,2016,4,tt5140766,Comedy
Short,Somewhere in September,2018,5,tt8263524,Drama
Short,Birds in the Valley,2015,1,tt4327610,Comedy
Short,Do Black Lives even Matter?,2021,8,tt16059110,Comedy
Short,Rock Bottom,2021,10,tt14984860,Drama
Short,Spring Fever,2015,8,tt5260492,Drama
Movie,Najwyzsza klasa scieralnosci,2023,3,tt26756513,Drama
Short,Troublemaker on the Frequency,2016,8,tt7294536,Comedy
Movie,Sol Searching,2018,9,tt9014850,Comedy
Short,Traumtänzer,2015,11,tt5203762,Drama
Short,Pale Saint,2019,7,tt10230410,Drama
Short,"Cry for Me, Sugar",2010,por estrenar,tt1857658,Drama
Short,The Year 2020,2020,12,tt13700494,Drama
Short,Let's Do Lunch,2018,7,tt8754966,Drama
Short,Let Me,2014,8,tt3713234,Drama
Short,Meant for More,2016,2,tt4945960,Drama
Short,Locked,2018,por estrenar,tt8999856,Drama
Movie,Into the Wake,2012,4,tt2025586,Action
Short,Rampton,2013,5,tt3475778,Comedy
Short,Límite,2023,10,tt27622496,Drama
Short,Before the Show,2018,9,tt9701542,Comedy
Movie,"Chances Are, You and I",2024,5,tt32306491,Drama
Short,Jackpot,2013,por estrenar,tt2933204,Comedy
Short,Heute ist kein Freitag,2013,4,tt8281002,Drama
Short,El ingrediente,2012,N/A,tt11502958,Drama
Short,Broken Landscape,2014,por estrenar,tt4150492,Drama
Short,Hens and Chicks,2010,4,tt1527629,Drama
Short,Through the Haze,2017,1,tt6484260,Comedy
Movie,A Perfect Past,2020,4,tt16971540,Drama
Short,It's About Time,2013,4,tt3333112,Comedy
Short,"Kisan Credit Card, KCC",2018,9,tt29371884,Drama
Short,Cleopatra,2018,2,tt3781462,Drama
Movie,Big Dream,2014,por estrenar,tt4437878,Drama
Movie,"Blue, Painful and Brittle",2020,8,tt11928696,Drama
Short,There Will Be Pixels,2019,11,tt14432046,Comedy
Short,The Last Day,2013,por estrenar,tt2842524,Drama
Short,Live from My Roommate's Room When He's Not Home,2020,2,tt11766938,Comedy
Short,Page Me to Hell,2015,11,tt5218214,Comedy
Short,Longman: Origin,2022,12,tt29611134,Action
Short,"The Boy, the Fatman and the Poet",2013,8,tt3575252,Comedy
Short,"Dry Run: Otherwise Know As the Slutty Misadventures of Type-A, Twenty Something, Child of Divorce",2023,por estrenar,tt29919128,Comedy
Movie,Worlds Apart,2020,5,tt18884646,Action
Short,The Featherstone Method,2016,3,tt5533940,Comedy
Movie,All My Friends Are Funeral Singers,2010,1,tt1524148,Comedy
Short,Errores,2023,2,tt26689747,Drama
Short,Fine Line,2021,7,tt29484562,Drama
Short,Somewhere in Northern California,2015,por estrenar,tt5140166,Action
Movie,Aambala,2015,1,tt4312676,Comedy
Short,Nationen,2023,6,tt28153828,Drama
Short,Temps écoulé,2016,por estrenar,tt6762310,Comedy
Short,A Proper Burial,2010,6,tt1753396,Comedy
Short,Finding June,2016,4,tt2847602,Drama
Short,The Destination of Daniela,2020,4,tt12963968,Drama
Short,Clean Getaway,2011,9,tt2072925,Action
Movie,Bros.,2017,11,tt6887248,Comedy
Short,The Beginning,2014,6,tt3799386,Comedy
Short,On the Iron Shelf,2021,por estrenar,tt14977030,Action
Short,Bouleversement,2015,10,tt4601296,Drama
Short,90 Days,2013,10,tt4094426,Drama
Short,Server,2019,1,tt4806778,Drama
Short,Cumbissia,2017,9,tt5722746,Drama
Movie,Ek Villain Returns,2022,7,tt11947158,Action
Movie,Gekijouban Shoujo Kageki Revue Starlight,2021,6,tt13593042,Drama
Short,Conséquences,2017,1,tt6410724,Drama
Short,Après le col d'Ispeguy,2016,N/A,tt8344514,Drama
Short,I hope you like Daisies,2018,por estrenar,tt9780396,Drama
Short,Home Service,2015,por estrenar,tt5342028,Drama
Short,The Heist,2015,9,tt5134644,Comedy
Short,Ik zie haar,2018,4,tt8327984,Drama
Short,Marked,2018,11,tt9475120,Drama
Short,Mona,2023,1,tt29338388,Drama
Movie,The Fade,2012,10,tt2206100,Comedy
Short,Mary & Louise,2014,por estrenar,tt2235586,Comedy
Movie,Kvepavimas i marmura,2018,3,tt8400850,Drama
Short,Réflexe,2016,11,tt6142848,Comedy
Short,Beta,2021,N/A,tt11378726,Drama
Short,Will Jordan: Back to Me,2020,9,tt14385572,Drama
Short,Pobachennya,2012,por estrenar,tt2363341,Drama
Short,The Anomalisa Effect,2024,1,tt31392467,Drama
Short,Soffio,2021,7,tt15091634,Drama
Short,Vivian,2018,por estrenar,tt9070694,Drama
Short,Mannequin We Be Friends,2020,4,tt12248870,Comedy
Movie,Closure,2012,4,tt2170576,Drama
Short,Freezing,2018,por estrenar,tt8194940,Drama
Short,Le Pain,2021,10,tt16227838,Drama
Short,Ellie,2023,por estrenar,tt30224029,Drama
Short,One Chibani,2016,12,tt5912776,Drama
Short,In My First Car,2023,9,tt29373927,Comedy
Short,Circles,2014,2,tt3248018,Drama
Short,Stealing My Heart,2022,10,tt26694604,Comedy
Short,En son absence,2010,2,tt2357055,Drama
Short,An Eventful Day in Meanay's Cafe,2019,8,tt10850046,Drama
Short,Headlock,2020,8,tt12246492,Drama
Short,Hangover,2015,4,tt5894090,Drama
Movie,Weredeer,2022,2,tt14972090,Comedy
Short,Stroboscope,2014,por estrenar,tt3668018,Drama
Short,Transmigration,2011,por estrenar,tt1853726,Drama
Short,Jag vill leva,2013,2,tt4523330,Drama
Short,Rent Control,2023,6,tt29930217,Drama
Short,Beast,2016,8,tt6086130,Action
Short,Gunnlaug den grusomme,2022,3,tt18765872,Comedy
Movie,Order!,2011,por estrenar,tt2091378,Comedy
Movie,Tut Sözünü,2015,1,tt4080858,Comedy
Short,Idiodyssey,2012,por estrenar,tt2094020,Comedy
Short,A Casual Affair,2015,7,tt4251114,Drama
Short,Split Ends,2018,por estrenar,tt7550592,Comedy
Short,Km 99,2015,3,tt6513020,Drama
Short,Memorybox,2014,por estrenar,tt3401394,Drama
Short,Congrats on your baby!,2015,N/A,tt7758680,Comedy
Short,Do Tarfa Sach,2022,N/A,tt19638386,Drama
Short,Renaissance the Film,2018,N/A,tt6832834,Drama
Short,Soldiers in the box,2020,10,tt13256012,Comedy
Short,Fragrance,2019,9,tt13694240,Drama
Short,The Silence Between,2022,por estrenar,tt21604808,Drama
Short,Off the Record,2011,por estrenar,tt2114444,Drama
Movie,Ein Nasser Hund,2021,9,tt9873652,Drama
Movie,The Great Gilly Hopkins,2015,10,tt1226766,Drama
Short,Pasaje no reembolsable,2014,11,tt5079124,Drama
Short,Friend Request,2012,por estrenar,tt2168744,Comedy
Short,Central Park,2016,N/A,tt5465144,Drama
Short,Bande annonce Fifigrot 2013 (II),2013,7,tt3270542,Comedy
Short,Sunnyville Heights,2016,3,tt6645554,Comedy
Short,"Good Morning, Pallas Athena",2015,4,tt4520714,Comedy
Short,Vote for Tom Corrigan,2012,7,tt2298152,Comedy
Short,December,2017,2,tt6950340,Drama
Movie,ImagiGARY,2015,12,tt2404579,Comedy
Short,Lay Me Down to Sleep,2020,N/A,tt10542456,Drama
Short,I Was Young Once,2016,6,tt6079094,Drama
Short,Carpool,2016,5,tt6075984,Comedy
Movie,Just Maduveli,2015,4,tt13275948,Drama
Short,Writer's Block,2015,8,tt4922154,Comedy
Movie,The Perfect Crime,2012,por estrenar,tt2245213,Drama
Short,Stavros Acorah- SuperMedium 2,2010,8,tt5785684,Comedy
Short,One Year Later,2017,por estrenar,tt7459118,Drama
Short,Off by Heart,2018,9,tt6763992,Drama
Short,Bother,2017,por estrenar,tt6855890,Drama
Movie,Birth Day,2015,1,tt3755682,Drama
Short,Olvido,2020,10,tt15000906,Drama
Short,Ska Noir,2019,6,tt9387238,Comedy
Short,JACK,2019,10,tt30016268,Drama
Short,Emerald Fields,2022,N/A,tt18395644,Drama
Short,The Dinner Party,2013,1,tt2829536,Comedy
Short,Let the night surround you,2018,11,tt9419168,Drama
Movie,The Subject,2020,6,tt10314344,Drama
Short,Educational Mario Games,2019,1,tt14518156,Comedy
Short,"Oh, baby! Baby?",2014,7,tt3595334,Comedy
Short,One Method,2017,4,tt5281166,Comedy
Short,Moulla,2019,3,tt9850538,Drama
Short,Space Ranger,2018,3,tt9877880,Drama
Short,Water Bearer,2017,N/A,tt9545644,Drama
Short,Meenakshi,2023,8,tt28514916,Drama
Short,The Risk Enterprise,2015,por estrenar,tt5347414,Drama
Short,Welkom Thuis,2015,7,tt4769838,Drama
Short,The Struggle,2016,3,tt5547572,Drama
Short,Shadow Recai,2017,6,tt7816498,Comedy
Short,A Lost Crow,2020,12,tt15215098,Drama
Short,Problems,2016,9,tt6104738,Drama
Short,Chasing Windmills,2018,4,tt7313352,Action
Short,Sangre Fria,2021,2,tt28317501,Drama
Short,Bangaru Telangana,2014,12,tt5476390,Action
Short,Emicrania,2015,12,tt5468058,Comedy
Short,Baby Steps,2013,6,tt2964932,Drama
Short,Stationary,2015,4,tt7497270,Drama
Short,The Girl at the Airport,2023,8,tt29922920,Drama
Short,One Thousand and Fifty Minutes,2018,8,tt8785300,Drama
Short,Lacrimosa,2016,5,tt5773334,Drama
Short,Chris,2011,5,tt2082235,Drama
Short,Manhood,2014,por estrenar,tt4458270,Drama
Movie,No sé si cortarme las venas o dejármelas largas,2013,8,tt2539482,Comedy
Short,Silver Shot,2018,por estrenar,tt31594371,Action
Movie,Lectura Según Justino,2013,5,tt2855376,Drama
Short,Neurotic Episodes of the Human Male,2010,por estrenar,tt1652320,Drama
Short,Nothing grows under the pine trees,2023,por estrenar,tt29369318,Drama
Short,Byte-Sized,2011,por estrenar,tt2015326,Action
Short,Parker,2018,5,tt10274642,Drama
Short,Nîsowak,2018,11,tt8888232,Action
Short,Better Off Jed,2017,2,tt21351142,Comedy
Short,Motherhood?,2015,N/A,tt4963720,Drama
Short,The Finish Line,2024,7,tt30834722,Drama
Movie,O Filho Pródigo,2019,N/A,tt11000604,Drama
Short,Soul Searching,2010,por estrenar,tt1719640,Drama
Short,Raising Dion,2015,8,tt5000732,Drama
Short,Swung,2019,3,tt9809286,Comedy
Short,Cool for Five Seconds,2020,2,tt11639128,Drama
Short,That's Amore,2014,por estrenar,tt3243738,Comedy
Movie,Caillou's Revenge,2023,6,tt27866600,Drama
Short,All About Kinneret,2013,por estrenar,tt3119944,Drama
Movie,Liebling,2015,N/A,tt4280230,Comedy
Short,Fish,2015,5,tt4764812,Drama
Short,For Money,2018,por estrenar,tt8752150,Drama
Short,Anesthesia,2016,8,tt12659514,Drama
Movie,Tyler Perry's Boo 2! A Madea Halloween,2017,10,tt6217804,Drama
Short,Shoebox,2019,11,tt12898574,Drama
Short,Truths and Liars,2013,8,tt2983068,Drama
Short,Kukla,2013,9,tt3335404,Drama
Short,Kidnappers,2021,N/A,tt13715952,Comedy
Short,Touchy Feely,2014,3,tt6087876,Comedy
Short,Lola and Them,2019,por estrenar,tt10569938,Drama
Short,Double vie,2015,4,tt4852380,Drama
Short,A long dream,2023,11,tt30416689,Drama
Short,When your girl send you to the store to get tampons,2021,7,tt20230648,Comedy
Short,Lost Words,2011,por estrenar,tt2137089,Drama
Short,Camomile,2020,1,tt11521632,Drama
Short,The Paper Airplane,2023,8,tt32109965,Comedy
Movie,The War of Godzilla 2,2017,9,tt10106144,Comedy
Short,Geek Assassin,2013,6,tt2945594,Action
Movie,Puss in Boots: The Last Wish,2022,12,tt3915174,Comedy
Short,Time After,2014,10,tt3468672,Comedy
Movie,Mga Munting Pag-asa,2016,9,tt20424388,Drama
Short,Bad Dummy,2024,2,tt32197000,Comedy
Short,Standing Still,2015,10,tt4498898,Comedy
Short,Lost Tribe,2019,4,tt11186634,Comedy
Movie,My Cousin Rachel,2017,6,tt4411596,Drama
Movie,Nainaa,2022,3,tt18926722,Drama
Short,Bloke Fears,2016,6,tt5819166,Drama
Movie,Terminal Legacy,2012,11,tt2011269,Drama
Movie,Phehujali: The Dawn,2017,11,tt17037860,Drama
Movie,Puertorican Halloween,2015,10,tt5722618,Comedy
Short,Strawberry Cheesecake,2021,8,tt14967058,Drama
Short,The Calm Before,2014,5,tt3589672,Drama
Short,Fall,2011,por estrenar,tt2364655,Drama
Movie,Scalene,2011,6,tt1647477,Drama
Short,Speechless,2017,2,tt5810176,Drama
Short,In Walked Bud,2011,9,tt2149001,Drama
Short,Hellevator,2012,por estrenar,tt2556772,Action
Movie,Jonesy,2014,N/A,tt12157352,Drama
Short,Glory Hunter,2014,4,tt3510992,Drama
Short,Shades of Grey,2011,8,tt2069914,Drama
Movie,Legend of the Lich Lord,2015,9,tt5047828,Comedy
Movie,Wolf,2013,9,tt2504404,Drama
Movie,Didi & Friends the Movie,2023,2,tt26773537,Comedy
Short,A Broken Drumstick Makes Two,2023,9,tt32082435,Drama
Movie,Just Shoot Me,2010,7,tt2002744,Action
Short,First Interaction,2022,2,tt18249708,Comedy
Short,Quinn,2016,10,tt6342502,Drama
Short,Ririka,2010,8,tt3255626,Drama
Short,Eat Mistreat Repeat,2014,por estrenar,tt3726142,Comedy
Short,Polvos de Talco,2014,4,tt7925448,Drama
Short,Sunday: Episode 1,2010,11,tt1928275,Comedy
Movie,Glamour Dolls,2016,8,tt1998394,Drama
Short,The Last Man on Earth,2012,7,tt2070859,Comedy
Short,The One That Got Away,2014,por estrenar,tt3558668,Comedy
Movie,Magic Journey to Africa,2010,5,tt1247681,Drama
Short,The Cokehead,2015,3,tt4531008,Drama
Short,Odessa,2015,3,tt3463266,Drama
Short,Glory Days,2013,1,tt2449938,Comedy
Short,The Impossible,2015,5,tt4769004,Drama
Short,Dreameater,2019,11,tt11879020,Action
Short,No Man is an Island,2019,por estrenar,tt9739130,Comedy
Movie,I Am the Queen,2010,N/A,tt1787973,Drama
Short,ON/E,2018,10,tt27201624,Action
Short,Monday Night on Friday Hill,2013,10,tt3259282,Drama
Movie,Mantra,2017,3,tt5046500,Drama
Short,Deadly Care,2017,5,tt6928062,Drama
Movie,Kamikaze,2016,12,tt2991368,Action
Short,Silly Death Songs,2015,4,tt5840502,Comedy
Short,Getaway Clean,2011,7,tt1964734,Action
Movie,Euforia,2018,10,tt7779590,Drama
Movie,Dancing on the Edge,2011,8,tt2061633,Drama
Short,Dating for Superheroes,2015,6,tt4722784,Comedy
Short,An Assault on the Senses,2019,4,tt10045036,Drama
Short,Omertà,2018,5,tt8488716,Drama
Short,Gloaming Almost Invisible,2014,5,tt3773844,Drama
Movie,First Nights,2023,12,tt14979412,Comedy
Movie,Janain mualaqa,2022,9,tt21378768,Drama
Short,Beautiful Eyes,2012,por estrenar,tt2659950,Comedy
Short,Supporting,2014,N/A,tt3741368,Comedy
Short,Limbo de film,2015,9,tt3358808,Drama
Short,The Birthday,2012,7,tt2649118,Drama
Short,Suicide Mission,2014,por estrenar,tt3775568,Comedy
Short,Insaciable,2018,2,tt14450384,Drama
Short,Call Waiting,2013,por estrenar,tt2934376,Comedy
Movie,Lucía,2020,por estrenar,tt12860956,Drama
Short,Chimera,2014,8,tt3570664,Drama
Short,Porque Não?,2024,1,tt31042103,Drama
Short,Reticent,2018,3,tt9607174,Drama
Short,The Firefly Catcher,2014,por estrenar,tt3793274,Drama
Movie,Varadanayaka,2013,1,tt2949874,Action
Short,Tellerrand,2011,12,tt3593704,Comedy
Movie,6 for 7,2011,por estrenar,tt1855116,Drama
Movie,The Purvanchal Files,2023,9,tt28782545,Action
Short,Stanndi,2012,por estrenar,tt2566772,Comedy
Short,Pochette surprise,2017,1,tt6333342,Comedy
Short,A Tour of America With the Best Artist in the World,2020,7,tt14244962,Comedy
Movie,Neulovimye: Posledniy geroy,2015,10,tt6746534,Drama
Movie,Yokomichi Yonosuke,2012,2,tt2151915,Drama
Short,The Monsters,2014,por estrenar,tt3335610,Drama
Movie,Octopus,2015,9,tt12053122,Action
Short,Punch-Up Punk,2021,6,tt14793192,Comedy
Short,Coach Messick,2012,por estrenar,tt2219600,Drama
Movie,The Man with the Iron Fists,2012,2,tt1258972,Action
Short,Drag Rats,2019,2,tt4934884,Drama
Short,Family Ties,2017,por estrenar,tt7892544,Drama
Short,Personal Belongings,2016,12,tt7679916,Drama
Short,Insectophobia,2017,12,tt5158734,Comedy
Short,Ceremonin,2019,4,tt32119130,Drama
Movie,An Bronntanas,2014,3,tt3474788,Action
Movie,Julie,2011,7,tt1784486,Drama
Movie,The Church Boy,2022,8,tt25178686,Drama
Short,Rotting,2018,por estrenar,tt8707228,Drama
Movie,Someone visited my soul,2016,1,tt7997674,Drama
Short,Detective U.S.S.R.,2022,N/A,tt18289896,Comedy
Movie,Niño,2011,7,tt1961440,Drama
Short,Celebration of Nothing,2016,11,tt6132766,Drama
Short,Qué Linda,2018,10,tt28445319,Drama
Short,Divergence,2010,4,tt31435241,Comedy
Movie,Josie & Jack,2019,10,tt8789416,Drama
Movie,Black Medusa,2021,2,tt13742892,Drama
Short,Once upon a movie,2022,N/A,tt22782820,Comedy
Short,Delete,2015,por estrenar,tt4566936,Drama
Short,Det Korte Liv,2014,por estrenar,tt3838460,Drama
Movie,Mag Mell,2014,por estrenar,tt3963440,Drama
Short,Vocal,2017,por estrenar,tt7254224,Comedy
Short,Yellow,2015,por estrenar,tt5321754,Drama
Short,Petit tailleur,2010,10,tt1653921,Drama
Short,Someone I Know,2014,por estrenar,tt3775296,Drama
Short,A Midsummer Night's Showdown,2016,10,tt6143700,Comedy
Short,Child of Fire,2012,5,tt2236416,Drama
Short,Between the Ropes,2013,N/A,tt3136128,Action
Short,De Castigo,2014,10,tt3558260,Comedy
Short,Deprecable Me,2022,11,tt31022359,Action
Movie,Waqt,2023,1,tt30057819,Drama
Movie,Taboor,2012,1,tt2451640,Drama
Short,Mime: The Calamity,2019,2,tt21986150,Comedy
Short,Little Oliver,2018,por estrenar,tt8508142,Drama
Movie,Rhapsody in Justice,2024,5,tt14478740,Drama
Movie,Apocalyptic 2077,2019,4,tt8484370,Action
Short,The Platform,2011,por estrenar,tt1961585,Drama
Short,Red Flags,2016,1,tt8248374,Drama
Short,Unbuckled,2013,6,tt2714890,Comedy
Short,The Henchman,2013,11,tt3020264,Action
Movie,Lantouri,2016,8,tt5463510,Drama
Short,Alone with People,2014,N/A,tt3509270,Comedy
Short,Fish,2016,4,tt4569058,Comedy
Short,Cultivation,2018,por estrenar,tt12153144,Drama
Short,Away on a Train,2015,por estrenar,tt5272552,Drama
Movie,Till Sunset TV Series,2021,7,tt15327090,Drama
Short,Doubt,2020,1,tt25433482,Drama
Short,A Picture to Remember,2020,5,tt15356644,Drama
Movie,Tere Ishq Mein Qurbaan,2015,4,tt10256776,Drama
Short,Home,2018,3,tt8439984,Drama
Short,Bus Baby,2010,5,tt3709628,Drama
Short,H,2015,por estrenar,tt4990718,Drama
Short,In Wake,2023,2,tt25724716,Drama
Short,"Kompis, vi måste snacka",2024,N/A,tt32077316,Comedy
Short,Housekeeping,2018,7,tt8145218,Drama
Short,Justin and Rebecca: Living and Loving in Pittsburgh,2014,8,tt9219850,Comedy
Short,Noah,2018,9,tt9630202,Drama
Short,Minder Kut,2018,11,tt12334194,Comedy
Movie,Help! and Redemption,2012,2,tt2296795,Drama
Short,I Seek Your Help to Bury a Man,2023,1,tt27730050,Drama
Short,Waiting Room,2021,12,tt22055058,Drama
Movie,Carpet Racers,2010,4,tt1512738,Action
Short,The Cage,2016,3,tt5938506,Drama
Short,Noise,2010,6,tt1645812,Drama
Short,Stranger in Blood,2012,3,tt2544046,Comedy
Short,L'amie de l'été,2021,8,tt19400420,Drama
Short,Welcome to Prague,2010,N/A,tt3507824,Drama
Short,The Alias,2014,2,tt3559910,Comedy
Short,Vendetta,2012,3,tt2342411,Drama
Short,Birthday Boy,2021,5,tt14636616,Drama
Short,Funny Bone,2015,1,tt4370778,Comedy
Short,Entre Reticências,2020,7,tt20048844,Drama
Short,Stall,2016,9,tt5651180,Drama
Short,Deaf Buildings,2021,10,tt15386028,Drama
Short,Heart of the Dead,2013,6,tt6401758,Comedy
Short,A view from here,2018,11,tt10578004,Drama
Short,The Regular,2010,2,tt2523114,Drama
Short,F**KED,2023,11,tt27191956,Comedy
Movie,4 Kings,2021,12,tt16578440,Drama
Short,Arunodaya... A New Dawn,2013,2,tt2674954,Drama
Movie,The End of All Things,2019,8,tt6425202,Action
Short,The Pessimists Guide to Working from Home,2020,4,tt12803692,Comedy
Short,The Chanctonbury Ring,2017,4,tt5310898,Drama
Movie,Why Wait,2015,por estrenar,tt18295730,Drama
Short,Espejo,2020,N/A,tt11325698,Drama
Short,Opening Day,2011,por estrenar,tt1822276,Comedy
Short,Finding the Invisible Man,2018,2,tt7532956,Drama
Movie,Die Festung,2020,N/A,tt11576128,Drama
Movie,Titoo MBA,2014,11,tt3309844,Comedy
Short,Thunder,2015,por estrenar,tt4507134,Drama
Short,Fragile Package,2017,2,tt7681040,Comedy
Movie,Nobody Sleeps in the Woods Tonight 2,2021,10,tt14315500,Comedy
Short,Last Lullaby,2022,2,tt16404572,Drama
Movie,Tomorrow May Never Come,2014,N/A,tt3533820,Drama
Movie,The Wife's Letter,2016,por estrenar,tt5939404,Drama
Short,Lost and Found,2018,12,tt12682760,Comedy
Short,Airport 2012,2014,por estrenar,tt3721992,Comedy
Short,BRASS: The Kinesigraph,2017,10,tt7574640,Comedy
Movie,Spoon River Anthology,2013,12,tt7701598,Drama
Short,Distorted Carcinoma,2016,por estrenar,tt5671386,Drama
Short,My Wife is a Zombie,2011,10,tt2287933,Comedy
Movie,Marley,2017,12,tt6600382,Drama
Movie,Perfect Days - I zeny maji sve dny,2011,11,tt2130161,Comedy
Short,Gaslighting,2016,12,tt4177418,Drama
Short,Rembrandt Immersive Artwork,2023,N/A,tt30949710,Action
Movie,72 chasa,2016,5,tt5720490,Drama
Short,Reply,2018,10,tt7345502,Drama
Short,Entropy,2011,por estrenar,tt1996248,Drama
Short,Nicola,2014,por estrenar,tt3464652,Drama
Short,Pink Lemonade,2016,6,tt5970666,Drama
Movie,Gajanana and gang,2022,2,tt14637796,Comedy
Short,The Nightingale,2023,N/A,tt28298798,Drama
Movie,Resham Dunkkk,2013,12,tt14947290,Action
Short,Minor Swing,2011,6,tt2476890,Comedy
Short,The Lonely Sound,2010,por estrenar,tt1798696,Drama
Short,The Rookie and the Runner,2012,6,tt2302903,Drama
Short,Game,2017,5,tt6051944,Action
Short,Conscientia,2011,4,tt3429832,Drama
Movie,Metal Messiah,2010,9,tt1765913,Drama
Short,Help Me!,2014,por estrenar,tt4380556,Action
Short,Whistleblower,2018,2,tt10499244,Action
Movie,Taqaddama,2018,3,tt26440742,Drama
Short,Rage,2012,3,tt2404347,Drama
Short,Kennen wir uns?,2019,11,tt11281172,Drama
Short,Loss,2017,9,tt6863676,Drama
Short,Caravane,2017,por estrenar,tt7624664,Drama
Short,Blue,2011,6,tt10374222,Comedy
Short,Dario,2014,8,tt3726132,Drama
Short,Article 32,2012,10,tt2439330,Drama
Movie,The Mongolian Dream,2012,3,tt1979369,Drama
Short,Pop!,2011,7,tt2650758,Comedy
Movie,Hakki,2024,4,tt30810790,Drama
Short,Terror on wheels,2018,por estrenar,tt8480140,Drama